Model,PR-AUC,Fraud Detection Rate (%),False Positive Rate (%),True Positives,False Negatives
XGBoost,0.9604983075434828,94.88069245165315,1.47914908351187,24335,1313
Isolation Forest,0.0,39.52354959451029,17.07351381765457,10137,15511
Random Forest,0.9459769542944974,94.71303805364941,1.4650825596745223,24292,1356
Ensemble,0.9541895818132615,94.88069245165315,1.47914908351187,24335,1313
